Timestamp,The text version as presented in a well-organized way.,The chart version was presented in a well-organized way.,"The text version gave me the right level of detail (not too little, not too much).","The chart version gave me the right level of detail (not too little, not too much).",I could identify the key evidence supporting the chatbot’s conclusion in the text version.,I could identify the key evidence supporting the chatbot’s conclusion in the chart version.,I trust the chatbot’s output for the tasks I performed in the text version.,I trust the chatbot’s output for the tasks I performed in the chart version.,The text version helped me understand the output quickly.,The chart version helped me understand the output quickly.,Which version do you prefer?
12/8/2025 3:22:59,3,4,2,4,2,4,3,4,2,4,Chart Version
12/8/2025 12:51:01,3,5,5,3,4,4,5,5,2,5,Chart Version
12/8/2025 13:00:38,2,5,2,5,3,5,4,5,3,5,Chart Version
12/8/2025 13:12:09,4,5,4,5,4,4,4,4,2,5,Chart Version
12/8/2025 14:16:27,2,5,2,5,2,5,2,5,1,5,Chart Version
12/8/2025 18:09:13,4,4,4,4,3,4,4,3,2,4,Chart Version
12/8/2025 21:05:40,4,5,3,4,4,5,5,5,3,5,Chart Version
12/8/2025 21:20:55,4,4,4,4,3,3,4,5,5,5,Chart Version
12/9/2025 13:19:05,4,5,4,5,2,5,3,5,2,4,Chart Version
12/9/2025 15:19:50,4,5,3,5,4,5,4,4,3,5,Chart Version
12/9/2025 15:20:12,4,4,5,4,4,5,5,5,5,5,Chart Version
12/9/2025 19:29:20,3,5,4,5,3,5,3,5,1,5,Chart Version